Volcano Number,Volcano Name,GVP DB Year,Included eruptions,Estimate method,Change point,Average method,Power law,Probability of eruption 5th percentile,Probability of eruption 50th percentile,Probability of eruption 95th percentile,<= VEI 3 5th percentile,<= VEI 3 50th percentile,<= VEI 3 95th percentile,VEI 4 5th percentile,VEI 4 50th percentile,VEI 4 95th percentile,VEI 5 5th percentile,VEI 5 50th percentile,VEI 5 95th percentile,VEI 6 5th percentile,VEI 6 50th percentile,VEI 6 95th percentile,VEI 7 5th percentile,VEI 7 50th percentile,VEI 7 95th percentile
263250,Merapi,2019,Confirmed,Bayesian model average,MeadMagill50,stacking,False,0.20439689272215078,0.23887026508137885,0.27943734421570604,0.1993467026726226,0.21613707021328435,0.2334206279026475,0.0034264985746926767,0.014475224840860041,0.026644023016777624,0.0008790081069498436,0.005757161373052656,0.012758199459292864,0.0002091070765677426,0.0019652323628639107,0.005111821917520964,0.0005355762913178989,0.0005355762913178989,0.001502671919467126
