Volcano Number,Volcano Name,Region,Estimate method,Recorded small eruptions,Recorded large eruptions,Recorded unknown eruptions,Jenkins classification,Whelley classification,Probability of eruption 5th percentile,Probability of eruption 50th percentile,Probability of eruption 95th percentile,<= VEI 3 5th percentile,<= VEI 3 50th percentile,<= VEI 3 95th percentile,VEI 4 5th percentile,VEI 4 50th percentile,VEI 4 95th percentile,VEI 5 5th percentile,VEI 5 50th percentile,VEI 5 95th percentile,VEI 6 5th percentile,VEI 6 50th percentile,VEI 6 95th percentile,VEI 7 5th percentile,VEI 7 50th percentile,VEI 7 95th percentile
261270,Suoh,Indonesia,Bayesian update,0,1,0,Caldera,Large caldera,0.0006761756109747366,0.002461551275213402,0.005715957645903183,0.0005899251748362107,0.0015409828296199274,0.0027830723792763145,4.4425552307591584e-05,0.0004418503470685224,0.0013620934406068984,1.9142074829807184e-05,0.00021313581740762004,0.0006881552094570797,1.4517117563931011e-05,0.0001732813570727634,0.0005717491942852159,8.165691437196212e-06,9.230092404456915e-05,0.00031088742227767494
